GET,AhCh8,aor2OYa4od9jaeph4eeGeexahng4Ha6hooboophi6ohnohw
GET,5dZ,xoor5Yoidujechiebe7w
GET,eeghe2Ze,pheiw7Ahneiseechee
GET,hee0Woth,eig0eed4zung0HooF5
GET,O48i,EXae4eeGethaipaosoo
GET,OoFei2jao,95Zi
GET,hee0Woth,eig0eed4zung0HooF5
GET,aiC3sahR,aeNg6Umiemi5ahhu9U
GET,shaep6Hu,eb5axodau5aiCh7thi
GET,ahC4y,woh6ua7Aifeekeiroo7jiePaeLaic9aimoichaidue7AiPh
GET,shaep6Hu,eb5axodau5aiCh7thi
GET,ooZosh3d,peeHoush8eiphaishi
GET,OoFei2jao,95Zi
GET,weevuon5G,6JwR
GET,Pai4s,ahP6teeJeik8iem3eew3vio7Quafahlo9eezo7aez7ti3ao
GET,YeeYeNoo4,rAi6
GET,AJ4,oonie5FuNg0oab9zahfe
GET,M6g,Uob5dahp3wo6xa9bah2h
GET,aeVieGh8,uHoh0oi7eeyaizaelo
GET,iP7ri9al1,0nzV
GET,AhCh8,aor2OYa4od9jaeph4eeGeexahng4Ha6hooboophi6ohnohw
GET,HUH4,ichah9eeYae2wai7hei
GET,ahC4y,woh6ua7Aifeekeiroo7jiePaeLaic9aimoichaidue7AiPh
GET,eZia6rief,x9CE
GET,1VB,ahghukooy8ooYi7eeChe
GET,1VB,ahghukooy8ooYi7eeChe
GET,2F63,AeNga0oov0uuthoofit
GET,Ae8og,Thee1ohdie6ocaethi9epozobea3uo2zaerethae3iehube
GET,ohp6N,fig9iesum2Ke4aighaqu7loyoochuach5koo5einoo2she7
GET,bohhieV4a,sE0h
GET,M6g,Uob5dahp3wo6xa9bah2h
GET,eeghe2Ze,pheiw7Ahneiseechee
GET,Mo6pi0Aig,Q3jZ
GET,ooZosh3d,peeHoush8eiphaishi
GET,v9W,Oe6goht5aihaikeeshie
GET,ahC4y,woh6ua7Aifeekeiroo7jiePaeLaic9aimoichaidue7AiPh
GET,Da3ei,booGhuthomohchohl5oongoovah8Poox3sahjutai0uphei
GET,DSA0,Beef6Iup9EiVeyah8ei
GET,eZia6rief,x9CE
GET,2HmK,ooG3Un6oophooshi9Qu
